source_id,source_title,tradition,gutenberg_search_term,notes
1,The Avesta (Zoroastrian Scriptures),Zoroastrianism,Avesta,"The sacred texts of Zoroastrianism, including the Yasna and Gathas. Multiple translations exist."
2,The Babylonian Talmud,Judaism,Talmud,"Extremely large collection of writings. Project Gutenberg is not the best source. Use Sefaria.org for a complete, searchable digital version."
3,The Bhagavad Gita,Hinduism,Bhagavad Gita,"Many translations are available on Project Gutenberg (e.g., by Sir Edwin Arnold). Choose one and use it consistently."
4,Black Elk Speaks,Oglala Lakota,N/A - Copyrighted,This is a 20th-century book by John G. Neihardt. It is under copyright and not on Project Gutenberg.
5,Diné (Navajo) Oral Tradition,Diné (Navajo),N/A - Oral Tradition,"These are from chants (Blessingway, Night Way) and proverbs. Not a single text. Sourced from ethnographic and community-affirmed records."
6,The Dhammapada,Buddhism,Dhammapada,Many excellent public domain translations are available. The one by F. Max Müller is a classic on Project Gutenberg.
7.1,"Hadith Collections (Bukhari, Muslim, etc.)",Islam,N/A - Collection,"These are vast collections of traditions. Use a dedicated digital resource like Sunnah.com for a searchable, structured database."
8,Haudenosaunee (Iroquois) Oral Tradition,Haudenosaunee (Iroquois),N/A - Oral Tradition,"Includes the Great Law of Peace, which is a constitution, not a single narrative text. No single .txt file exists."
9,The Holy Bible (King James Version),Christianity/Judaism,"The Holy Bible, King James",The KJV is a classic and widely available on Project Gutenberg. This single text contains all books from Genesis to Revelation.
10,Hopi Oral Tradition,Hopi,N/A - Oral Tradition,These are proverbs and wisdom from an oral culture. Not available as a single downloadable text.
11,The Qur'an (Koran),Islam,The Koran,"Many translations are available (e.g., by Pickthall, Yusuf Ali). The text structure is Surah:Ayah (Chapter:Verse)."
12,Official Baha'i Writings,Baha'i,N/A - Copyrighted,"Includes Gleanings, Hidden Words, Kitáb-i-Aqdas, Paris Talks, etc. These are under copyright. The Baha'i Reference Library (bahai.org/library) is the official, searchable source."
13,Official Sikh Writings (Guru Granth Sahib),Sikhism,N/A - Sacred Scripture,"The Guru Granth Sahib is a singular, sacred scripture. A simple .txt file is not the appropriate format. Use a resource like Sikhitothemax.org for respectful, searchable access."
14,Pirkei Avot (Ethics of the Fathers),Judaism,Pirkei Avot OR Sayings of the Fathers,This section of the Mishnah is available on Project Gutenberg as a standalone text.
15,Popol Vuh,K'iche' Maya,Popol Vuh,The sacred book of the K'iche' Maya. A version is available on Project Gutenberg.
16,Sutta Pitaka (Pali Canon),Buddhism,N/A - Collection,"This is a vast collection of Buddhist scriptures. Project Gutenberg is not ideal. Use AccessToInsight.org or SuttaCentral.net for comprehensive, searchable access to individual suttas."
17,The Vedas and Upanishads,Hinduism,Upanishads OR Rig Veda,"These are ancient, vast collections. Project Gutenberg has many translations of the major Upanishads and parts of the Vedas."
18,"Yoruba, Akan, Igbo, etc. Oral Traditions",African Peoples,N/A - Oral Tradition,"These are proverbs and philosophical concepts from diverse oral cultures. They are compiled from ethnographic sources, not a single book."
19,The Mahabharata,Hinduism,Mahabharata,"The epic containing the Bhagavad Gita as one episode. Many translations exist (e.g., Kisari Mohan Ganguli's on Project Gutenberg); pinpoint citations such as book/chapter/verse depend on which translation is used."
20,Huehuetlahtolli (Discourses of the Elders),Nahua (Aztec),N/A - Not on Project Gutenberg,"Pre-conquest Nahua oral discourses (moral/ceremonial speeches) preserved through post-conquest transcription (e.g., by Bernardino de Sahagún and Andrés de Olmos). Not a single stable text; translations vary."
21,Florentine Codex,Nahua (Aztec),N/A - Not on Project Gutenberg,"Bernardino de Sahagún's General History of the Things of New Spain (12 books, compiled with Nahua informants, 16th century). No public-domain plain-text edition; the standard English edition is the Dibble/Anderson translation, still copyrighted."
22,Buddhist Sutras (Paraphrased Compilation),Buddhism,N/A - Paraphrase across multiple texts,"Row 267's source_ref reads 'Various Sutras (paraphrased)' with no single pinpoint citation. Not one identifiable work; recorded as a compilation placeholder rather than invented as a specific sutra."
23,Multitribal Proverb Oral Tradition,Multitribal Proverb,N/A - Oral Tradition,"Proverb attributed generically across multiple Indigenous traditions rather than to one; no single community or text of origin is named in the source_ref."
24,Shawnee Oral Tradition,Shawnee,N/A - Oral Tradition,Proverbs and sayings from Shawnee oral culture. Not available as a single downloadable text.
25,Cherokee Oral Tradition,Cherokee,N/A - Oral Tradition,Proverbs and sayings from Cherokee oral culture. Not available as a single downloadable text.
26,Chief Joseph's Surrender Speech (1877),Nez Perce,N/A - Historical Speech,"A specific, dated, single-speaker utterance (attributed to Hin-mah-too-yah-lat-kekt / Chief Joseph, October 1877), not a generic Nez Perce oral-tradition proverb. Recorded separately from a generic Nez Perce oral-tradition row because collapsing the two would misattribute a dated historical speech as undated communal tradition (see docs/DECISIONS.md, D7 executed). The most-quoted transcription (via Lt. C.E.S. Wood, likely edited/embellished) is itself disputed history, not settled wording."
27,Lakota Oral Tradition,Lakota,N/A - Oral Tradition,Proverbs and philosophy from Lakota oral culture. Not available as a single downloadable text.
28,Tewa (Pueblo) Oral Tradition,Tewa (Pueblo),N/A - Oral Tradition,"Row 333's source_ref names Frank Waters' 1963 'Book of the Hopi' as the mediating publication rather than the oral tradition itself; that book's fidelity to Hopi/Tewa tradition has been publicly disputed by Hopi religious leaders. Recorded as a Tewa oral-tradition row with the mediating book named in this note rather than treated as a Project-Gutenberg-style primary work (see docs/DECISIONS.md, D7 executed)."
29,Zuni (Pueblo) Oral Tradition,Zuni (Pueblo),N/A - Oral Tradition,Proverbs from Zuni oral culture. Not available as a single downloadable text.
30,Nguni (Bantu) Oral Tradition,Nguni (Bantu),N/A - Oral Tradition,Proverbs from Nguni (Bantu) oral culture. Not available as a single downloadable text.
31,Ethiopian Oral Tradition,Ethiopian,N/A - Oral Tradition,Proverbs from Ethiopian oral culture. Not available as a single downloadable text.
32,Modern Mayan Oral Tradition,Modern Mayan,N/A - Not a text; informal greeting,"Row 344 ('Modern Mayan Greeting') is not a work at all, it is a colloquial phrase. This row closes the source_id link for W1's data-quality gate; it is a pragmatic placeholder, not a resolution of the open non-text-source modeling question (docs/program/CLASSIFICATION_AND_FACETS.md Q3, docs/queue.md Q3), which stays open."
